{
  "lang":"de",
  "name":"pipeline",
  "version":"0.0.0",
  "spacy_version":">=3.1.4,<3.2.0",
  "description":"",
  "author":"",
  "email":"",
  "url":"",
  "license":"",
  "spacy_git_version":"006df1ae1",
  "vectors":{
    "width":0,
    "vectors":0,
    "keys":0,
    "name":null
  },
  "labels":{
    "tok2vec":[

    ],
    "ner":[
      "Auftreten",
      "BBCH_Stadium",
      "Erreger",
      "Kultur",
      "Mittel",
      "Ort",
      "Witterung",
      "Zeit"
    ],
    "entity_ruler":[
      "Auftreten",
      "BBCH_Stadium",
      "Erreger",
      "Kultur",
      "Mittel",
      "Ort"
    ]
  },
  "pipeline":[
    "tok2vec",
    "ner",
    "entity_ruler"
  ],
  "components":[
    "tok2vec",
    "ner",
    "entity_ruler"
  ],
  "disabled":[

  ],
  "performance":{
    "ents_f":0.8433107756,
    "ents_p":0.8578690955,
    "ents_r":0.8292383292,
    "ents_per_type":{
      "Zeit":{
        "p":0.606741573,
        "r":0.4615384615,
        "f":0.5242718447
      },
      "Erreger":{
        "p":0.8711576194,
        "r":0.865497076,
        "f":0.8683181226
      },
      "Kultur":{
        "p":0.9020852221,
        "r":0.8883928571,
        "f":0.8951866847
      },
      "Mittel":{
        "p":0.8657407407,
        "r":0.870924817,
        "f":0.8683250415
      },
      "Ort":{
        "p":0.8526315789,
        "r":0.7168141593,
        "f":0.7788461538
      },
      "BBCH_Stadium":{
        "p":0.7833333333,
        "r":0.7556270096,
        "f":0.7692307692
      },
      "Auftreten":{
        "p":0.431372549,
        "r":0.2115384615,
        "f":0.2838709677
      },
      "Witterung":{
        "p":0.5238095238,
        "r":0.2857142857,
        "f":0.3697478992
      }
    },
    "tok2vec_loss":1131.9987686505,
    "ner_loss":2181.0288453334
  }
}